Nome_Montadora;Nome_Modelo;Classificacao_Modelo;Ano_Inicio;Ano_Fim;Palheta_Motorista;Palheta_Passageiro;Palheta_Traseira;Tipo_Gancho
Alfa Romeo;145;;1997;2001;DX21;340 G;;G
Alfa Romeo;146;;1997;1998;323;;;
Alfa Romeo;147;;2003;2005;314 G;;;G
Alfa Romeo;155;;1992;1997;DX20;178 G;;G
Alfa Romeo;156;;1997;2005;DX21;340 G;;G
Alfa Romeo;164;;1987;1998;DX20;178 G;;G
Alfa Romeo;166;;1998;2003;DX21;340 G;;G
Alfa Romeo;Spider;;1984;1993;DX16;;;G
Asia;Carnival;;1998;2003;324;;;
Asia;Carnival;;2022;;S526;S520;205 1;
Asia;Combi Am 815/825 micro ônibus;;1997;2001;DX18;055 DL3 056 G;;G
Asia;Galloper;;1998;1999;DX16;;;G
Asia;Topic;;1993;2000;DX16;053 D1;;G
Asia;Topic;;2008;;DX18;056 G;;G
Asia;Towner;;1993;1999;DX16;046 DL3;;G
Audi;100;;1990;1994;362 G;;;G
Audi;100 Avant;;1990;1994;055 DL3 362 G;;;G
Audi;80;;1991;1994;DX20;178 G;;G
Audi;80 Avant;;1991;1996;DX20;053 D1 178 G;;G
Audi;80 Cabriolet;;1991;1998;DX20;178 G;;G
Audi;A1;;2011;;S460;S435;;TL5
Audi;A3;;1996;2006;DX21;046 DL3 340 G;;G
Audi;A3;;2007;2012;S460;S445;;TL2
Audi;A3;;2013;;S465;S445;;TL5
Audi;A3;;2014;2020;S465;S445;;TL5
Audi;A4;;1995;2000;DX20;178 G;;G
Audi;A4;;1995;2001;DX20;178 G;;G
Audi;A4;;2008;;S460;S450;;TL5
Audi;A5 Coupè;;2007;2012;S460;S450;;TL5
Audi;A6;;1994;2001;362 G;;;G
Audi;A6;;2011;;S460;S450;;TL5
Audi;A7 Sportback;;2010;2017;S465;S453;;TL5
Audi;A8;;1994;2002;362 G;;;G
Audi;A8;;2010;2017;S465;S450;;TL5
Audi;Q3;;2013;;S460;S453;;TL5
Audi;Q5;;2008;2013;S460;S450;;TL5
Audi;Q7;;2012;2015;S465;S465;;TL2
Audi;Q7;;2015;;S470;S450;;TL5
Audi;Q8;;2020;;S460;S450;;TL5
Audi;R8;;2010;2017;S460;S453;;SL1
Audi;RS2 Avant;;1994;1996;053 D1;;G
Audi;RS4 Avant;;2000;2001;055 DL3;;G
Audi;RS4 Avant;;2012;;S460;S450;;TL5
Audi;RS5;;2010;;S460;S450;;TL5
Audi;RS6;;2013;;S465;S453;;TL5
Audi;RS6 Avant;;2002;2004;H622;H620;;
Audi;S3;;1999;2003;DX21;340 G;;G
Audi;S3;;2008;2014;S460;S445;;TL2
Audi;S4;;1991;1994;362 G;;;G
Audi;S4;;1997;1999;DX20;178 G;;G
Audi;S6;;1994;1997;362 G;;;G
Audi;S6;;2012;2016;S465;S453;;TL5
Audi;S7;;2012;2016;S465;S453;;TL5
Audi;S8;;1996;2002;362 G;;;G
Audi;TT / TT Roadster;;1998;2003;DX20;S521 S521;;178 G
Audi;TT / TT Roadster;;2003;2006;S453;S453;;SL1
Audi;TT / TT Roadster;;2006;2014;S453;S453;;TL2
BMW;M Roadster;;1999;2003;DX20;178 G;;G
BMW;M2 (F22);;2014;2020;S453;S445;;TL2
BMW;M3 (E36);;1994;1998;DX20;178 G;;G
BMW;M3 (E46);;2000;2006;DX23;;;G
BMW;M5 (E28);;1985;1988;DX18;056 G;;G
BMW;M5 (F10);;2014;2017;S465;S445;;TL2
BMW;M6 Coupè (F13);;2012;;S465;S440;;TL2
BMW;Série 1;;2004;2011;S450;S450 205;8;TL2
BMW;Série 1;;2012;2019;S453;S445 205;8;TL2
BMW;Série 2 (F45);;2016;;S465;S445;;TL2
BMW;Série 3;(E36);1990;1998;DX20;178 G;;G
BMW;Série 3;Coupè (E36);1992;1999;DX20;178 G;;G
BMW;Série 3;Cabrio (E36);1993;1999;DX20;178 G;;G
BMW;Série 3;Compact (E36);1994;1996;DX20;055 DL3 178 G;;G
BMW;Série 3;Touring (E36);1995;1999;DX20;178 G;;G
BMW;Série 3;Compact (E36);1996;2000;DX20;055 DL3 178 G;;G
BMW;Série 3;(E90);2010;2012;S460;S445;;TL2
BMW;Série 3;Coupè (E92);2010;2012;S460;S445;;TL2
BMW;Série 3;Cabrio (E90);2010;2012;S460;S445;;TL2
BMW;Série 3;Touring (E90);2010;2012;S460;S445;;TL2
BMW;Série 3;(F30);2013;2018;S460;S445;;TL2
BMW;Série 4 (F32/33/36);;2013;;S460;S445;;TL2
BMW;Série 5 (E28);;1980;1990;DX18;056 G;;G
BMW;Série 5 (530/540);;2017;;S465;S445;;TL5
BMW;Série 7 (E23);;1977;1986;DX18;056 G;;G
BMW;Série 7 (F01/02/04);;2008;;S465;S445;;SL1
BMW;X1;;2010;2015;S460;S445;;TL2
BMW;X1;;2016;2022;S465;S440;;TL5
BMW;X1;;2023;;S465;S445;;TL5
BMW;X3;;2004;2010;DX21;S522 340 G;;G
BMW;X3;;2011;2017;S465;S450;;SL1
BMW;X4;;2014;2017;S465;S450;;SL1
BMW;X5;;1999;2006;S524;S522;;G
BMW;X5;;2006;2011;S460;S450 205;3;SL1
BMW;X5;;2011;2013;S460;S450;;TL1
BMW;X5;;2013;2018;S524;S520;;G
BMW;X5;;2019;;S465;S450;;TL1
BMW;X6;;2008;2011;S460;S450;;SL1
BMW;X6;;2011;2014;S460;S450;;TL1
BMW;X6;;2014;2019;S524;S520;;G
BMW;X6;;2020;;S465;S450;;TL1
BMW;Z3;;1995;2003;DX20;178 G;;G
BMW;Z4 (E85/89);;2003;;DX20;178 G;;G
BMW;i3;;2016;;205 1;;
BYD;D1 EV;;2022;;S465;S401 S440;;TL1
BYD;Dolphin;;2023;;S465;S435;;TL1
BYD;Han EV;;2022;;S465;S445;;TL1
BYD;Seal;;2023;;S460;S445;;TL5
BYD;Song Plus DM-i;;2022;;S460;S440;;TL1
BYD;Tan EV;;2022;;S465;S440;;TL1
BYD;Yuan Plus EV;;2022;;S460;S440;;TL1
BYD;eT3;;2022;;H622;H614;;G
Chery;Arrizo 5;;2019;;S460;S440;;TL1
Chery;Celer;;2013;2018;046 DL3;;
Chery;Cielo;;2010;2012;DX21;340 G;;G
Chery;Face;;2010;2015;205 3 314 G;;;G
Chery;QQ;;2011;2015;046 DL3;;
Chery;QQ;;2014;2019;S521;S515;;G
Chery;S18;;2010;2013;314 G;;;G
Chery;S18;;2012;;314 G;;;G
Chery;Tiggo;;2009;2006;046 DL3 368 G;;;G
Chery;Tiggo 3X Pro;;2021;;H622;H616 204 1 314;G;
Chery;Tiggo5X;;2018;;S453;S440;;TL1
Chery;Tiggo7 Pro;;2022;;S522;S516 H622 H616 204 1 314;G;
Chery;Tiggo7X;;2018;;S453;S440;;TL1
Chery;Tiggo8;;2022;;S453;S445;;TL1
Chery;iCar;;2023;;H620;H614;;G
Chevrolet/GM;Agile;;2010;2011;DX23;S521 S518 12E Dyna 323;;G
Chevrolet/GM;Agile;;2011;2014;SD3;12E Dyna DTL;;
Chevrolet/GM;Astra;SW;1995;1997;DX18;053 D1 056 G;;G
Chevrolet/GM;Astra;palheta traseira | hatch;1995;1997;DX18;055 DL3 056 G;;G
Chevrolet/GM;Astra;palheta traseira | hatch;1999;2011;S520;S502 S518 206/053 2/X 317;;G
Chevrolet/GM;Blazer;;1996;2012;DX20;S520 S503 S520 046 DL3 178;;G
Chevrolet/GM;Bolt;;2019;;S465;S465;;TL1
Chevrolet/GM;Bonanza;;1989;1994;DX16;046 DL3 G;;G
Chevrolet/GM;Calibra;;1994;1997;DX19;097 D1 180 G;;G
Chevrolet/GM;Camaro;;2010;2016;S524;S521;;G
Chevrolet/GM;Captiva;;2008;2017;S524;S509 S516 316;;G
Chevrolet/GM;Caravan/Comodoro/Diplo;;1975;1988;DX15;046 DL3 125 B;;B
Chevrolet/GM;Caravan/Comodoro/Diplo;;1989;1992;DX15;046 DL3 G;;G
Chevrolet/GM;Celta;;2001;2003;DX18;S518 S501 S518 205/R12 1 056;;G
Chevrolet/GM;Celta;;2004;2013;DX18;S518 S501 S518 15E Dyna 056;;G
Chevrolet/GM;Celta;;2014;2015;DX18;S518 S501 S518 12E Dyna 056;;G
Chevrolet/GM;Chevette;;1973;1993;DX16;130 B;;B
Chevrolet/GM;Chevy 500;;1983;1995;DX16;130 B;;B
Chevrolet/GM;Cobalt;;2012;2020;S526;S516 326;;G
Chevrolet/GM;Corsa;3p;1994;2002;DX18;S518 S501 S518 053 D1 056;;G
Chevrolet/GM;Corsa;5p;1994;2002;DX18;S518 S501 S518 046 DL3 056;;G
Chevrolet/GM;Corsa;Hatch;2001;2003;S520;S502 S518 R16/053 / X 317;;G
Chevrolet/GM;Corsa;Hatch;2004;2012;S520;S502 S518 15E Dyna 317;;G
Chevrolet/GM;Corsa Pick-Up;;1995;2003;DX18;S518 S501 S518 056;;G
Chevrolet/GM;Corsa Sedan;;2001;2011;S520;S502 S518 317;;G
Chevrolet/GM;Corsa Sedan/Classic;95 /;1916;;DX18;S518 S501 S518 056;;G
Chevrolet/GM;Corsa Wagon;;1997;2002;DX18;S518 S501 S518 046 DL3 056;;G
Chevrolet/GM;Corvette C8;;2020;;H624;H620;;G
Chevrolet/GM;Cruze/Sport;;2011;2016;S524;S518 H624 H618 368;;G
Chevrolet/GM;Cruze/Sport;;2017;;S470;S460 204 9;;TL1
Chevrolet/GM;Equinox;;2018;;S524;S518 H624 H618 368;;G
Chevrolet/GM;Grand Blazer;;1998;1999;DX18;056 G;;G
Chevrolet/GM;Ipanema;;1990;1998;DX18;046 DL3 056 G;;G
Chevrolet/GM;Kadett (GL-GLS-SL/E);;1989;1997;DX18;055 DL3 056 G;;G
Chevrolet/GM;Kadett (GLS);;1998;1998;DX18;053 D1 056 G;;G
Chevrolet/GM;Kadett (Sport/GSi/GS);;1989;1997;DX18;053 D1 056 G;;G
Chevrolet/GM;Malibu;;2010;2011;S460;S453;;TL1
Chevrolet/GM;Marajó;;1981;1989;DX16;130 B;;B
Chevrolet/GM;Meriva;;2002;2003;S524;S524 R16/053 / X 324;;G
Chevrolet/GM;Meriva;;2004;2012;S524;S524 15E Dyna 324;;G
Chevrolet/GM;Montana;;2003;2010;S520;S502 S518 317;;G
Chevrolet/GM;Montana;;2011;2011;DX23;S521 S518 323;;G
Chevrolet/GM;Montana;;2011;2019;SD3;DTL;;
Chevrolet/GM;Montana;;2019;2022;S453;S445;;TL1
Chevrolet/GM;Montana;;2023;;S460;S402 S440;;TL1
Chevrolet/GM;Monza;;1984;1996;DX18;056 G;;G
Chevrolet/GM;Monza Hatch;;1984;1988;DX18;097 D1 056 G;;G
Chevrolet/GM;Omega I Suprema;;1992;1998;046 DL3 G;;;G
Chevrolet/GM;Omega III;;2008;2013;S465;S401 S435;;TL2
Chevrolet/GM;Onix;Joy conexão DTL;2017;2019;SD6;12E Dyna DTL;;
Chevrolet/GM;Onix;Joy/Plus conexão TL1;2019;2021;S460;S435;;TL1
Chevrolet/GM;Onix;conexão DTL;2013;2018;SD6;12E Dyna DTL;;
Chevrolet/GM;Onix/Turbo;;2020;;S460;S440 204 9;;TL1
Chevrolet/GM;Opala/Comodoro/Diplo;;1968;1988;DX15;125 B;;B
Chevrolet/GM;Opala/Comodoro/Diplo;;1989;1992;DX15;G;;G
Chevrolet/GM;Pick-Up;;1964;1985;DX15;125 B;;B
Chevrolet/GM;Pick-Up (D-20/A-20/C-20);;1986;1998;DX16;G;;G
Chevrolet/GM;Prisma;;2006;2012;DX18;S518 S501 S518 056;;G
Chevrolet/GM;Prisma;Joy conexão DTL;2017;2019;SD6;DTL;;
Chevrolet/GM;Prisma;conexão DTL;2013;2018;SD6;DTL;;
Chevrolet/GM;Prisma;/Joy conexão TL1;2018;2019;S460;S435;;TL1
Chevrolet/GM;S10;;1995;2011;DX20;S520 S503 S520 178;;G
Chevrolet/GM;S10;;2012;2018;SD5;DTL;;
Chevrolet/GM;S10;;2019;;S453;S445;;TL1
Chevrolet/GM;Silverado;;1993;2002;DX18;056 G;;G
Chevrolet/GM;Sonic/Sonic Sedan;;2012;2014;S465;S401 S435;;TL2
Chevrolet/GM;Space Van;;1997;1998;DX20;178 G;;G
Chevrolet/GM;Spin;;2013;2022;DX23;S522 S519 204 1 323;;G
Chevrolet/GM;Spin;;2023;;S453;S445 204 1;;TL1
Chevrolet/GM;Tigra;;1998;2000;DX18;097 D1 056 G;;G
Chevrolet/GM;Tracker;;2000;2009;DX19;180 G;;G
Chevrolet/GM;Tracker;;2014;2020;S465;S435;;TL1
Chevrolet/GM;Tracker;;2021;;S460;S440;;TL1
Chevrolet/GM;Traffic/Space Van;;1994;1998;DX20;178 G;;G
Chevrolet/GM;Trailblazer;;2013;2018;SD5;DTL;;
Chevrolet/GM;Trailblazer;;2019;;S453;S445 205 2;;TL1
Chevrolet/GM;Vectra;;1993;2005;DX19;180 G;;G
Chevrolet/GM;Vectra;;2006;2008;DX23;S522 S508 S518 323;;G
Chevrolet/GM;Vectra;;2008;2011;S453;S445;;SL1
Chevrolet/GM;Vectra GT/GT-X;;2007;2012;S453;S445 205/R12 2;;SL1
Chevrolet/GM;Veraneio;;1964;1988;DX15;125 B;;B
Chevrolet/GM;Veraneio;;1989;1995;DX16;046 DL3 G;;G
Chevrolet/GM;Zafira;;2000;2012;S524;S524 R16/053 / X 324;;G
Chrysler;300C;;2004;2011;362 G;;;G
Chrysler;300C Touring;;2004;2011;362 G;;;G
Chrysler;300M;;1998;2004;362 G;;;G
Chrysler;Caravan/Grand Caravan;;1996;2007;164 G;;;G
Chrysler;Neon I;;1994;1999;317 G;;;G
Chrysler;Neon II;;1999;2005;DX21;340 G;;G
Chrysler;PT Cruiser;;2000;2011;DX20;053 D1 178 G;;G
Chrysler;Pacifica;;2021;;H626;H620 206 7;;
Chrysler;Sebring;;2001;2006;362 G;;;G
Chrysler;Sebring;;2007;2010;H624;H620;;
Chrysler;Stratus;;1995;2001;362 G;;;G
Chrysler;Town & Country;;1995;2008;S526;S526;;G
Chrysler;Voyager;;2009;2016;H626;H620;;G
Citroën;AX;;1986;1998;053 D1;362 G;;G
Citroën;Aircross;;2009;2010;205 1;;;
Citroën;Aircross;;2011;2014;S460;S402 S440 205 1;;TL1
Citroën;Aircross;;2015;2020;S460;S402 S440 205 1;;TL7
Citroën;Aircross;;2021;2023;205 1;;;
Citroën;Aircross;;2024;;S453;S435;;TL7
Citroën;BX;;1990;1993;097 D1;097 G;;G
Citroën;Basalt;;2024;;S453;S435;;TL7
Citroën;Berlingo;;1996;2007;053 D1;362 G;;G
Citroën;C3;;2012;2022;S465;S401 S435 205 1;;TL7
Citroën;C3;;2023;;S453;S435 205 1;;TL7
Citroën;C3 Picasso;;2009;2010;205 1;;;
Citroën;C3 Picasso;;2011;2014;S460;S402 S440;;TL1
Citroën;C3 Picasso;;2015;2015;S460;S402 S440;;TL7
Citroën;C3/C3 XTR;;2002;2012;S524;S518 206 1 368;;G
Citroën;C4;;2007;2012;S470;S460 205 1;;TL2
Citroën;C4 Cactus;;2018;;S465;S440 204 1;;TL7
Citroën;C4 Gran Picasso;;2007;2014;S475;S475;;TL7
Citroën;C4 Lounge;;2013;2021;S475;S465;;TL1
Citroën;C4 Picasso;;2008;2014;S475;S475;;TL7
Citroën;C4/C4 Pallas;;2005;2014;S470;S460;;TL2
Citroën;C5/C5 Break;;2001;2003;368 G;;;G
Citroën;C5/C5 Break;;2004;2007;S465;S445;;SL1
Citroën;C5/C5 Break;;2008;2013;S470;S453;;TL2
Citroën;Cuore;;1993;1999;046 DL3;055+053 G;;G
Citroën;DS3;;2012;2017;S460;S402 S440 204 1;;TL7
Citroën;DS4;;2013;2016;S475;S465;;TL1
Citroën;DS5;;2012;2018;S475;S460;;TL1
Citroën;Jumper;;1994;2002;362 G;;;G
Citroën;Jumper;;2011;2017;S522;S522 362 G;;G
Citroën;Jumper;;2018;;S460;S453;;G
Citroën;Jumpy;;2017;;S465;S450;;TL7
Citroën;New QQ;;2016;2020;S521;S515 205 3;;G
Citroën;Saxo;;1996;2000;317 G;;;G
Citroën;Tiggo2;;2018;;S521;S516 204 1;;G
Citroën;Town & Country;;2008;2015;H626;H620 053;;
Citroën;XM;;1989;1994;055 DL3;362 G;;G
Citroën;XM;;1994;2000;362 G;;;G
Citroën;XM Break;;1989;2000;053 D1;362 G;;G
Citroën;Xantia;;1993;2003;368 G;;;G
Citroën;Xantia Break;;1995;2003;053 D1;368 G;;G
Citroën;Xsara;;1997;2005;055 DL3 G;;;G
Citroën;Xsara Picasso;;2000;2012;R16/053 /;X 164 G;;G
Citroën;ZX;;1991;1997;055 DL3;362 G;;G
Daewoo;Espero;;1994;1997;DX19;180 G;;G
Daewoo;Lanos;;1997;1999;DX19;180 G;;G
Daewoo;Leganza;;1997;1999;DX21;340 G;;G
Daewoo;Nubira;;1997;2003;DX20;055 DL3 178 G;;G
Daewoo;Nubira;;2003;2005;DX23;323 G;;G
Daewoo;Nubira Wagon;;1997;2003;DX20;178 G;;G
Daewoo;Nubira Wagon;;2003;2005;DX23;323 G;;G
Daewoo;Tico;;1992;2000;055+053 G;;;G
Daihatsu;Charade;;1993;1999;DX18;056 G;;G
Daihatsu;Charade Sedan;;1993;1999;DX18;056 G;;G
Daihatsu;Gran Move;;1997;1999;317 G;;;G
Daihatsu;Terios;;1997;1999;046 DL3 G;;;G
Dodge;Avenger;;2007;2011;H624;H622;;G
Dodge;Challenger;;2015;;H622;H622 362;;
Dodge;Dakota;;1995;2003;DX20;178 G;;G
Dodge;Durango Citadel;;2013;;H622;H620;;G
Dodge;Journey;;2008;2018;368 G;;;G
Dodge;Magnum;;2004;2008;H622;H620;;G
Dodge;Nitro;;2006;2011;180;;;
Dodge;Ram;;1993;2001;DX20;178 G;;G
Dodge;Ram;;2005;2011;324 G;;;G
Dodge;Ram;;2012;2018;362 G;;;G
Effa;500;;2009;2011;S460;S435;;TL1
Effa;Cuore;;2001;2003;DX18;056 G;;G
Effa;Doblò;;2001;2004;DX23;S522 S508 S518 323;;G
Effa;Plutus;;2011;2012;DX18;056 G;;G
Ferrari;360 Modena F1;;1999;2004;H624;H620;;G
Ferrari;458 Itália;;2013;2015;H626;H620;;G
Ferrari;California;;2012;2017;H626;H616;;G
Ferrari;F355 Berlineta;;1994;1998;DX20;178 G;;G
Ferrari;Spider 430;;2006;2010;H624;H620;;G
Fiat;147/Spazio;;1977;1987;DX15;125 B;;B
Fiat;500;;2012;2017;S524;S514 H624 H614;;G
Fiat;Argo;;2017;2022;S460;S402 S440;;TL2
Fiat;Argo;;2023;;S460;S402 S440;;TL7
Fiat;Brava;;1999;2003;DX23;017 G;;G
Fiat;Bravo;;2011;2016;S460;S445 205 1;;TL1
Fiat;Cronos;;2018;;S460;S402 S440;;TL2
Fiat;Doblò;;2004;2009;DX23;S522 S508 S518 14E Dyna 323;;G
Fiat;Doblò;;2010;2017;DX23;S522 S508 S518 S435 DTL 323;;G
Fiat;Doblò;;2018;;DX23;S522 S508 S518 323;;G
Fiat;Ducato/Cargo/Comb./Max.;;1998;2018;S522;S522 362 G;;G
Fiat;Ducato/Cargo/Comb./Max.;;2019;;S465;S453;;TL1
Fiat;Elba;;1986;1994;S518;046 DL3 175 G;;G
Fiat;Elba;;1995;1997;S518;175 G;;G
Fiat;Fastback;;2022;;S460;S402 S440;;TL7
Fiat;Fiat Coupé;;1993;2000;DX21;097 D1 340 G;;G
Fiat;Fiorino;;1987;2013;S518;175 G;;G
Fiat;Fiorino;;2014;2021;S524;S509 S516 316;;G
Fiat;Fiorino;;2022;;S460;S402 S440;;TL7
Fiat;Fiorino/Pick-Up;;1982;1986;DX15;125 B;;B
Fiat;Freemont;;2011;2016;368 G;;;G
Fiat;Grand Siena;;2012;;S460;S402 S440;;TL1
Fiat;Idea/Idea Adventure;;2006;2010;S524;S515 16E Dyna 316;;G
Fiat;Idea/Idea Adventure;;2011;2014;SD2;12E Dyna DTL;;
Fiat;Idea/Idea Adventure;;2014;2016;S460;S402 S435 12E Dyna;;TL2
Fiat;Idea/Idea Adventure;;2016;2017;S460;S402 S435;;TL2
Fiat;Linea;;2008;2017;S465;S401 S435;;TL2
Fiat;Marea;;1998;2007;DX23;017 G;;G
Fiat;Marea Weekend;;1998;2007;DX23;R16 017 G;;G
Fiat;Mobi;;2016;2020;S524;S509 S516 204 1 316;;G
Fiat;Mobi;;2020;;S460;S402 S440 204 1;;TL7
Fiat;Oggi;;1983;1985;DX15;125 B;;B
Fiat;Palio;I;1996;2000;DX23;S522 S508 S518 R13 017;;G
Fiat;Palio;I modelo Young;2001;2002;DX23;S522 S508 S518 R13 017;;G
Fiat;Palio;II;2001;2007;DX23;S522 S508 S518 14E Dyna 017;;G
Fiat;Palio;III/Palio IV;2004;2016;DX23;S522 S508 S518 15E Dyna 017;;G
Fiat;Palio;V modelo novo;2012;2016;S460;S402 S440 12E Dyna;;TL1
Fiat;Palio;III modelo Fire;2016;2017;DX23;S522 S508 S518 017;;G
Fiat;Palio;V modelo novo;2016;2017;S460;S402 S440;;TL1
Fiat;Palio Adventure;I;1999;2000;DX23;S522 S508 S518 R13 017;;G
Fiat;Palio Adventure;II;2001;2003;DX23;S522 S508 S518 15E Dyna 017;;G
Fiat;Palio Adventure;III;2004;2007;DX23;S522 S508 S518 16E Dyna 017;;G
Fiat;Palio Adventure;IV;2008;2016;DX23;S522 S508 S518 12E Dyna 017;;G
Fiat;Palio Adventure;IV;2016;2017;DX23;S522 S508 S518 017;;G
Fiat;Palio Weekend;I;1997;2000;DX23;S522 S508 S518 R13 017;;G
Fiat;Palio Weekend;II;2001;2003;DX23;S522 S508 S518 15E Dyna 017;;G
Fiat;Palio Weekend;III;2004;2007;DX23;S522 S508 S518 16E Dyna 017;;G
Fiat;Palio Weekend;IV;2008;2016;DX23;S522 S508 S518 12E Dyna 017;;G
Fiat;Palio Weekend;IV;2016;2020;DX23;S522 S508 S518 017;;G
Fiat;Panorama;;1982;1986;DX15;125 B;;B
Fiat;Premio/Duna;;1985;1996;S518;175 G;;G
Fiat;Pulse;;2021;2021;S460;S402 S440;;TL2
Fiat;Pulse;;2022;;S453;S403 S440;;TL7
Fiat;Punto;;2008;2017;S465;S401 S435 205/R12 1;;TL2
Fiat;Scudo;;2022;;S460;S450;;TL7
Fiat;Siena;;1997;2000;DX23;S522 S508 S518 017;;G
Fiat;Siena II/III/IV;;2001;2018;DX23;S522 S508 S518 017;;G
Fiat;Stilo;;2002;2011;DX23;S522 S508 S518 14E Dyna 323;;G
Fiat;Strada;;1998;2001;DX23;S522 S508 S518 017;;G
Fiat;Strada II/III/IV;;2001;2020;DX23;S522 S508 S518 017;;G
Fiat;Strada VI;;2021;;S460;S402 S440;;TL7
Fiat;Tempra;;1992;1999;DX20;178;;
Fiat;Tempra SW;;1995;1997;DX20;178;;
Fiat;Tipo;;1994;1997;DX20;178;;
Fiat;Titano;;2024;;S522;S516;;G
Fiat;Toro;;2016;;S524;S518 H624 H618 368;;G
Fiat;Uno/Mille;;1984;1994;S518;046 DL3 175 G;;G
Fiat;Uno/Mille;;1995;2013;S518;046 DL3 175 G;;G
Ford;Belina;;1969;1977;DX16;130 B;;B
Ford;Belina;;1985;1986;046 DL3;;
Ford;Belina II/Del Rey Belina;;1978;1991;DX16;130 B;;B
Ford;Bronco;;2021;;S453;S453;;TL1
Ford;Corcel;;1969;1977;DX16;130 B;;B
Ford;Corcel II;;1978;1986;DX16;130 B;;B
Ford;Courier;;1997;2013;DX19;S519 S519 180 G;;G
Ford;Del Rey;;1981;1991;DX16;130 B;;B
Ford;Eco Sport;;2003;2004;R12;368 G;;G
Ford;Eco Sport;;2005;2012;DX23;S521 S504 S518 205/R12 2 323;;G
Ford;Eco Sport II;;2013;2017;SD4;10S Dyna DTL;;
Ford;Eco Sport II;;2017;2021;S522;S516 H622 H616 314;;G
Ford;Edge;;2008;2014;S526;S520 206 2 G;;G
Ford;Edge;;2015;;S470;S470;;TL2
Ford;Escort;;1997;2002;097 C;097 G;;G
Ford;Escort Sedan;;1997;2002;097 G;;;G
Ford;Escort SW;;1997;2003;097 G;;;G
Ford;Escort/XR3;;1984;1992;097 C;055 G;;G
Ford;Escort/XR3;;1993;1996;097 C;097 G;;G
Ford;Explorer;;1991;2000;053;;;
Ford;Explorer;;1991;2002;DX18;056 G;;G
Ford;Explorer;;2003;2005;053 D1;362 G;;G
Ford;Fiesta I/Street;;1996;2007;DX19;S519 S519 16E Dyna 180;;G
Ford;Fiesta II;;2002;2004;R12;368 G;;G
Ford;Fiesta II;;2005;2011;DX23;S521 S504 S518 205/R12 2 323;;G
Ford;Fiesta II;;2011;2014;S453;S403 S440 205/R12 2;;TL2
Ford;Fiesta Sedan I;;2001;2004;DX19;S519 S519 180 G;;G
Ford;Fiesta Sedan;;2002;2004;368 G;;;G
Ford;Fiesta Sedan;;2005;2011;DX23;S521 S504 S518 323 G;;G
Ford;Fiesta Sedan;;2011;2014;S453;S403 S440;;TL2
Ford;Focus Hatch;;2000;2010;DX21;S522 S519 046 DL3 340;;G
Ford;Focus Hatch;;2008;2013;S465;S440 205 2;;SL1
Ford;Focus Hatch;;2014;2019;S470;S470 206 2;;TL1
Ford;Focus Sedan;;2000;2010;DX21;S522 S519 340 G;;G
Ford;Focus Sedan;;2008;2013;S465;S440;;SL1
Ford;Focus Sedan;;2014;2019;S470;S470;;TL1
Ford;Fusion;;2006;2012;S524;S519 368 G;;G
Ford;Fusion II;;2013;2019;S470;S465;;TL2
Ford;Galaxie/Landau/LTD;;1967;1983;DX16;130 B;;B
Ford;Hobby;;1993;1996;097 C;055 G;;G
Ford;Jeep Willys;;1959;1983;105 B;;;B
Ford;Ka;;1997;2001;S519;S516 053/15ES / Dyna 015;;G
Ford;Ka;;2002;2008;S519;S516 12E Dyna 015;;G
Ford;Ka II;;2008;2010;S519;S516 12E Dyna 015;;G
Ford;Ka II;;2010;2013;SD1;12E Dyna DTL;;
Ford;Ka III;;2014;2021;SD4;10E Dyna DTL;;
Ford;Ka Sedan;;2014;2021;SD4;DTL;;
Ford;Maverick;;1973;1979;DX16;130 B;;B
Ford;Mondeo SW;;1993;2000;046 DL3 G;;;G
Ford;Mustang;;1994;2004;;;G
Ford;Mustang;;2018;2020;S453;S450;;
Ford;Mustang Mach 1;;2021;;S453;S450;;
Ford;Mustang Mach-E;;2023;;S460;S450;;
Ford;New Fiesta Hatch;;2010;2019;S465;S401 S440 204 2;;TL1
Ford;New Fiesta Sedan;;2010;2019;S465;S401 S440;;TL1
Ford;Pampa;;1982;1997;DX16;130 B;;B
Ford;Ranger;;1993;2012;DX18;S518 S501 S518 056 G;;G
Ford;Ranger;;2013;2016;S524;S509 S516 316 G;;G
Ford;Ranger;;2017;2022;S460;S402 S440;;TL1
Ford;Ranger;;2023;;S460;S402 S440;;TL5
Ford;Royale;;1992;1996;DX18;056 G;;G
Ford;Série F (F100/600/1000)71 /;;1992;;DX15;125 B;;B
Ford;Série F (F1000/4000);;1992;1998;DX18;056 G;;G
Ford;Série F (F250/350);;1998;2012;S522;S522 362 G;;G
Ford;Taurus;;1992;1996;DX20;178 G;;G
Ford;Territory;;2021;2022;H622;H618 G;;G
Ford;Territory;;2023;;S460;S440 204 2;;TL1
Ford;Transit;;2009;2011;S526;S522 G;;G
Ford;Transit;;2022;;S475;S450;;TL1
Ford;Verona;;1990;1992;055 G;;;G
Ford;Verona;;1994;1996;097 G;;;G
Ford;Versailles;;1991;1996;DX18;056 G;;G
Geely;EC7;;2014;2014;H624;H616 205 8 316;;
Geely;GC2;;2014;2015;H624;;;
Gurgel;BR800;;1989;1991;DX15;125 B;;B
Gurgel;Carajás X15;;1986;1991;DX15;125 B;;B
Gurgel;G15;;1982;1986;055 B;;;B
Gurgel;Motomachine;;1991;1995;046 B;;;B
Gurgel;Supermini;;1992;1995;DX15;125 B;;B
Gurgel;X12;;1981;1991;DX15;125 B;;B
Gurgel;Xef;;1982;1986;055 B;;;B
Honda;Accord;;1989;1992;DX21;340 G;;G
Honda;Accord;;1993;2002;DX23;G;;G
Honda;Accord;;2003;2008;368 G;;;G
Honda;Accord;;2013;2017;H626;H618 G;;G
Honda;City;;2009;2014;S460;S435;;TL1
Honda;City;;2015;2017;S526;S514 325 G;;G
Honda;City;;2018;2021;S460;S435;;TL1
Honda;Fit;;2003;2008;S524;S509 S516 R14 316;;G
Honda;Fit;;2009;2014;S465;S435 206/R14 1;;TL1
Honda;Fit;;2015;2017;S526;S514 206 8 325;;G
Honda;Fit;;2018;2021;S460;S435 206 1;;TL1
Honda;HRV;;2015;2018;S526;S515 204 8 325;;G
Honda;HRV;;2018;2021;S465;S435 204 8;;TL1
Honda;Legend;;1991;2004;317 G;;;G
Honda;Odyssey;;1995;1998;053 D1;362 G;;G
Honda;Prelude;;1992;1997;317 G;;;G
Honda;WRV;;2017;2020;S526;S514 206 8 325;;G
Honda;WRV;;2021;2021;S465;S435 206 8;;TL1
Honda;ZRV;;2024;;S465;S401 S440 205 2;;TL5
Hyundai;Accent;;1994;2001;055 DL3;317 G;;G
Hyundai;Atos/Prime;;1998;2003;097+053 G;;;G
Hyundai;Azera;;2007;2011;S524;S520 G;;G
Hyundai;Azera;;2012;2020;S526;S518 H626 H618 164+055;;G
Hyundai;Coupé;;1996;2009;DX23;323 G;;G
Hyundai;Creta;;2017;2021;S526;S516 H626 H616 204 9 326;;G
Hyundai;Creta;;2022;2024;S524;S518 H624 H618 204 9 368;;G
Hyundai;Elantra;;1990;1998;317 G;;;G
Hyundai;Elantra;;2011;2016;S526;S514 325 G;;G
Hyundai;Elantra;;2017;2018;S526;S516 H626 H616 326;;G
Hyundai;Elantra SW;;1996;1998;317 G;;;G
Hyundai;Equus;;2011;2013;S460;S445;;TL2
Hyundai;Excel;;1990;1994;DX18;056 G;;G
Hyundai;Galloper;;1995;1999;046 DL3;130
Hyundai;Genesis;;2013;2017;H624;H620
Hyundai;H100;;1993;2001;DX18;053 D1 056 G;;G
Hyundai;HB20 S;;2020;;S465;S435;;TL2
Hyundai;HB20 X;;2020;;S465;S435;;TL2
Hyundai;HB20;;2020;;S465;S435 205 1;;TL2
Hyundai;HB20/X;;2012;2019;S524;S509 S516 H624 H616 205 1 316;;G
Hyundai;HB20S;;2012;2019;S524;S509 S516 H624 H616 316;;G
Hyundai;HR;;2005;;317 G;;;G
Hyundai;New Creta;;2025;;S460;S440;;TL1
Hyundai;New Santa Fé;;2018;2020;S526;S516 H626 H616 326;;G
Hyundai;Santa Fé;;2020;;205 3;;
Hyundai;Sonata;;1993;1998;DX20;178 G;;G
Hyundai;Sonata;;1999;2004;DX20;178 G;;G
Hyundai;Sonata;;2005;2010;S524;S520 G;;G
Hyundai;Sonata;;2011;2014;S526;S518 164+055;;
Hyundai;Terracan;;2001;2007;053 D1 G;;;G
Hyundai;Tucson;;2004;2019;S524;S509 S516 316 G;;G
Hyundai;Tucson;;2018;2022;S526;S516 H626 H616 206 7 326;;G
Hyundai;Veloster;;2012;2013;S526;S518 G;;G
Hyundai;Veracruz;;2008;2012;S460;S450;;TL1
Hyundai;i30;;2013;2016;S526;S514 205 3 325;;G
Hyundai;i30/CW;;2008;2012;S524;S518 205 3 368;;G
Hyundai;i30/CW;;2008;2012;S460;S445 205 3;;TL1
Hyundai;iX35;;2010;2022;S524;S509 S516 316 G;;G
JAC;E-J7;;2022;;S460;S440;;TL1
JAC;E-JS1;;2022;;S453;S440;;TL1
JAC;E-JS4;;2022;;S460;S402 S440;;TL1
JAC;IEV40;;2019;;S453;S403 S440 204 2;;TL1
JAC;J2;;2012;2017;206 7;324 G;;G
JAC;J3;;2011;2017;S522;S516 206 8 314;;G
JAC;J3 Turin;;2011;2017;S522;S516 314 G;;G
JAC;J5;;2010;2016;DX23;323 G;;G
JAC;J6;;2010;2016;S524;S515 G;;G
JAC;J8;;2015;;H626;H620 206 8 G;;G
JAC;T40;;2017;;S453;S403 S440 204 2;;TL1
JAC;T50;;2018;;S453;S435;;TL1
JAC;T60;;2019;;S460;S402 S435;;TL1
JAC;T80;;2018;;S460;S440;;
Jaguar;F-Pace;;2018;;S465;S445;;TL1
Jaguar;F-Type;;2020;;H622;H620 G;;G
Jaguar;I-Pace;;2020;;S465;S445;;TL5
Jaguar;Santa Fé;;2001;2006;046 DL3 G;;;G
Jaguar;Santa Fé;;2007;2012;206 7;368 G;;G
Jaguar;Santa Fé;;2013;2017;S526;S514 325 G;;G
Jaguar;T5;;2016;;S453;S435 204 2;;TL1
Jaguar;T6;;2014;;H624;H616 316 G;;G
Jaguar;T8;;2013;2018;S526;S520 206 8 G;;G
Jaguar;XE;;2015;;S465;S440;;TL1
Jaguar;XJ;;2017;;S453;S445;;TL2
Jaguar;X-Type;;2001;2009;DX21;340 G;;G
Jeep;Cherokee;;1993;1996;DX18;056 G;;G
Jeep;Cherokee;;1997;2001;DX18;046 DL3 056 G;;G
Jeep;Cherokee;;2014;2016;H626;H618 206 7 G;;G
Jeep;Commander;;2021;;S524;S518 H624 H618 368;;G
Jeep;Compass;;2012;2016;DX20;204 7 178 G;;G
Jeep;Compass;;2017;;S524;S518 H624 H618 204 7 368;;G
Jeep;Gladiator;;2021;;130 G;;;G
Jeep;Gran Cherokee;;1993;1998;DX20;053 178 G;;G
Jeep;Gran Cherokee;;2012;;H622;H620 204 7 G;;G
Jeep;Liberty;;2002;2013;DX19;180 G;;G
Jeep;Renegade braço tipo gancho;;2015;;S522;S520 H622 H620 204 6;;G
Jeep;Renegade braço tipo Top-Lock 19mm;;2015;2016;S453;S405 S450;;TL1
Jeep;Willys;;1953;1983;105 B;;;B
Jeep;Wrangler;;1996;2006;046 G;;;G
Jeep;Wrangler;;2007;;DX15;G;;G
Jeep;Wrangler;;2020;;DX15;205 2 G;;G
JPX;Montez/Picape ST;;1994;2002;DX15;G;;G
Kia;Besta;;1993;1997;DX18;053 D1 056 G;;G
Kia;Besta;;1998;2005;055 DL3;317 G;;G
Kia;Bongo;;2005;;DX23;323 G;;G
Kia;Bongo/K2700;;1998;2004;317 G;;;G
Kia;Cadenza;;2011;2016;S526;S518 H626 H618 G;;G
Kia;Carens I;;2000;2002;368 G;;;G
Kia;Carens II;;2003;2006;368 G;;;G
Kia;Carens III;;2007;2012;316 G;;;G
Kia;Carnival;;2022;;S526;S522 H626 H622 205 1;;G
Kia;Carnival I;;1999;2001;055 DL3;324 G;;G
Kia;Carnival II;;2002;2006;055 DL3;324 G;;G
Kia;Carnival III;;2007;2010;DX23;323 G;;G
Kia;Cerato;;2004;2009;316 G;;;G
Kia;Cerato;;2013;2016;S526;S514 325 G;;G
Kia;Cerato;;2017;2022;S528;S514 H628 H614 G;;G
Kia;Cerato/Koup;;2010;2013;S524;S520 G;;G
Kia;Ceres/K2400;;1995;1997;DX16;G;;G
Kia;Cherokee/Sport/Limited;;2002;2013;DX19;180 G;;G
Kia;Clarus;;1996;1999;DX21;340 G;;G
Kia;Clarus Wagon;;1998;1999;DX21;340 G;;G
Kia;Gran Cherokee/Laredo;;1999;2010;DX20;178 G;;G
Kia;Magentis;;2001;2005;DX23;323 G;;G
Kia;Magentis;;2006;2010;368 G;;;G
Kia;Mohave;;2009;2017;S524;S520 206 7 G;;G
Kia;Niro;;2022;;H626;H616 205 1 G;;G
Kia;Opirus;;2003;2009;368 G;;;G
Kia;Optima;;2012;2016;368 G;;;G
Kia;Picanto;;2006;2011;314 G;;;G
Kia;Picanto;;2011;2018;S522;S516 205 2 314;;G
Kia;Rio;;2020;;204 7;;
Kia;Sephia;;1993;1997;DX21;055 DL3 340 G;;G
Kia;Shuma;;1996;2001;DX21;055 DL3 340 G;;G
Kia;Shuma II;;2001;2004;DX21;055 DL3 340 G;;G
Kia;Sorento;;2003;2006;S524;S518 368 G;;G
Kia;Sorento;;2010;2016;204 7;;
Kia;Sorento;;2016;2020;H626;H618 205 1 G;;G
Kia;Soul;;2009;2014;S524;S520 204 7 G;;G
Kia;Soul;;2015;;204 7;;
Kia;Sportage;;1994;2004;DX20;053 D1 178 G;;G
Kia;Sportage II;;2005;2010;S524;S509 S516 316 G;;G
Kia;Sportage III;;2011;2016;S524;S518 205 3 368;;G
Kia;Sportage IV;;2017;2022;S526;S516 204 1 326;;G
Kia;Sportage V;;2022;;S465;S445 204 9;;TL5
Kia;Stonic;;2022;;H626;H616 204 7 G;;G
Lada;Laika;;1990;1995;046 B;;;B
Lada;Niva;;1990;1995;046 B;;;B
Lamborghini;Aventador S;;2018;;S465;S404 S460;;TL5
Lamborghini;Huracán;;2015;;S465;S401 S440;;TL5
Lamborghini;Urus;;2019;;S465;S445;;TL5
Land Rover;Defender;;2020;;S453;S453;;TL5
Land Rover;Discovery;;1989;1998;DX18;056 G;;G
Land Rover;Discovery;;2005;2018;S522;S522 053 G;;G
Land Rover;Discovery Sport;;2014;;S526;S520 G;;G
Land Rover;Freelander;;1998;2006;DX20;178 G;;G
Land Rover;Freelander;;2007;2015;S460;S450 046 DL3;;TL2
Land Rover;Range Rover;;1991;1994;DX18;056 G;;G
Land Rover;Range Rover Sport;;2005;2013;S522;S522 G;;G
Land Rover;Range Rover Sport;;2014;2016;H624;H620 G;;G
Land Rover;Range Rover Vogue;;2011;2015;053;;;
Land Rover;Sorento;;2007;2009;S524;S518 046 DL3 368;;G
Land Rover;Velar;;2018;;S465;S445;;TL1
Lexus;CT;;2010;2019;S526;S518 G;;G
Lexus;ES 300;;1997;2005;DX23;323 G;;G
Lexus;ES 300h;;2015;;H626;H618 G;;G
Lexus;IS 250h;;2013;2015;H624;H618 G;;G
Lexus;LS 430;;2001;2002;326 G;;;G
Lexus;LS 430;;2003;2006;316 G;;;G
Lexus;RX;;2013;;S465;S453;;TL1
Lexus;RX 450h;;2019;;S465;S450;;TL5
Lexus;UX 250h;;2019;;H626;H616 G;;G
Lifan;320;;2010;2015;DX18;205 8 056 G;;G
Lifan;530;;2014;2019;S524;S514 G;;G
Lifan;620;;2010;2015;316 G;;;G
Lifan;Foison;;2014;2016;130;;;
Lifan;X60;;2010;2019;205 8;368 G;;G
Lifan;X80;;2019;;S526;S518 204 1 G;;G
Mazda;626/Wagon;;1998;2002;DX21;340 G;;G
Mazda;MPV I;;1994;1999;053 D1 G;;;G
Mazda;MPV II;;2000;2006;053 D1;324 G;;G
Mazda;MX-3;;1991;1993;097 D1;317 G;;G
Mazda;MX-3;;1994;1998;317 G;;;G
Mazda;MX-5 Miata;;1990;1995;DX18;056 G;;G
Mazda;Pick-Up B2200;;1990;1997;DX16;G;;G
Mazda;Pick-Up B2500;;1997;2000;DX18;056 G;;G
Mazda;Premacy;;1999;2004;316 G;;;G
Mazda;Protegé;;1991;2000;317 G;;;G
Mercedes-Benz;200T-300TD Turbo Diesel W123;;1976;1985;DX20;053 D1 178 G;;G
Mercedes-Benz;207D-410 T1;;1977;1995;DX20;178 G;;G
Mercedes-Benz;280/450 Classe S W116;;1972;1980;DX18;056 G;;G
Mercedes-Benz;626 Wagon;;1992;1997;053 D1 G;;;G
Mercedes-Benz;CLA;;2013;2014;S460;S453;;TL2
Mercedes-Benz;Classe A;;1999;2005;S526;S524 G;;G
Mercedes-Benz;Classe A;;1999;2006;046 DL3;;
Mercedes-Benz;Classe B;;2005;2011;S465;S453;;TL2
Mercedes-Benz;Classe B;;2011;2014;S465;S445;;TL2
Mercedes-Benz;Classe B B200;;2008;2015;204 1;;
Mercedes-Benz;Classe C - Station Wagon S20301;;2001;2003;053 D1;362 G;;G
Mercedes-Benz;Classe C - Station Wagon S20409;;2009;2014;S460;S460;;SL1
Mercedes-Benz;Classe C W203;;2000;2003;362 G;;;G
Mercedes-Benz;Classe C W204;;2009;2014;S460;S460;;SL1
Mercedes-Benz;Classe CLS;;2005;2011;S465;S465;;SL1
Mercedes-Benz;Classe E;;2002;2008;S465;S465;;SL1
Mercedes-Benz;Classe E;;2009;2012;S465;S404 S460;;SL1
Mercedes-Benz;Classe E - Cabriolet;;2010;2012;S465;S404 S460;;SL1
Mercedes-Benz;Classe G;;2002;2018;DX16;053 D1 G;;G
Mercedes-Benz;Classe GLK;;2009;2015;S453;S445;;SL1
Mercedes-Benz;Classe M;;1998;2005;053 D1;362 G;;G
Mercedes-Benz;Classe M;;2005;2011;S470;S453;;TL2
Mercedes-Benz;Classe M;;2011;2015;S465;S453;;TL1
Mercedes-Benz;Classe S;;2000;2013;S470;S470;;SL1
Mercedes-Benz;Classe SL;;2001;2012;S465;S465;;SL1
Mercedes-Benz;Classe SLK;;1996;2004;362 G;;;G
Mercedes-Benz;Classe SLK;;2005;2011;S453;S453;;TL2
Mercedes-Benz;GL 4matic;;2006;2012;S470;S453;;TL2
Mercedes-Benz;GLA conexão TL2;;2013;2015;S460;S453;;TL2
Mercedes-Benz;MB 180D;;1988;1996;DX20;178 G;;G
Mercedes-Benz;ML (350/500/63);;2008;2011;205 1;;
Mercedes-Benz;ML (350/500/63);;2012;2015;205 1;;
Mercedes-Benz;One/Cooper/Cooper S;;2001;2013;DX18;056 G;;G
Mercedes-Benz;Range Rover Evoque;;2011;2018;S460;S453;;TL1
Mercedes-Benz;Range Rover Evoque;;2019;;S465;S453;;TL5
Mercedes-Benz;Range Rover II;;1994;2002;362 G;;;G
Mercedes-Benz;SLC (300/43);;2018;;S453;S453;;TL2
Mercedes-Benz;Sprinter;;1995;2012;362 G;;;G
Mercedes-Benz;Sprinter;;2013;2020;S465;S404 S460;;TL2
Mini;Cooper S - 2 Lugares;;2012;;204 1;;
Mini;Cooper S - 4 Lugares;;2012;;204 1;;
Mini;Countryman;;2013;2017;204 1;;
Mini;Mini Cabriolet;;2004;2013;DX18;056 G;;G
Mini;Mini Clubman;;2007;2013;DX18;056 G;;G
Mini;One;;2012;;S445;S445;;TL7
Mini;Paceman;;2013;2017;204 1;;
Mini;Works;;2019;;204 1;;
Mitsubishi;ASX;;2011;2022;S524;S520 204 8 G;;G
Mitsubishi;Airtrek;;2003;2008;DX21;206 7 340 G;;G
Mitsubishi;Colt;;1992;1995;317 G;;;G
Mitsubishi;Colt;;1995;1997;DX21;053 D1 340 G;;G
Mitsubishi;Eclipse;;1992;1995;DX20;178 G;;G
Mitsubishi;Eclipse Cross;;2018;;S524;S520 H624 H620 204 1;;G
Mitsubishi;Galant;;1993;1997;DX23;055 DL3 323 G;;G
Mitsubishi;Galant;;1997;2004;DX23;323 G;;G
Mitsubishi;L200;;1999;2007;DX16;G;;G
Mitsubishi;L200 Sport/Outdoor/Savana;;2004;2012;DX20;S520 S503 S520 178 G;;G
Mitsubishi;L200 Triton;;2008;;DX23;323 G;;G
Mitsubishi;L300;;1991;2000;DX18;056 G;;G
Mitsubishi;Lancer;;1993;1995;317 G;;;G
Mitsubishi;Lancer;;1996;2002;DX21;340 G;;G
Mitsubishi;Lancer;;2003;2007;368 G;;;G
Mitsubishi;Lancer;;2008;2019;S524;S509 S516 316 G;;G
Mitsubishi;Outlander;;2007;2013;S524;S520 205 8 G;;G
Mitsubishi;Outlander;;2014;2022;S526;S518 205 8 G;;G
Mitsubishi;Outlander Sport;;2021;;204 8;;
Mitsubishi;Pajero;;1990;2003;046 DL3;;
Mitsubishi;Pajero Dakar/HPE;;2010;2018;DX23;205 8 323 G;;G
Mitsubishi;Pajero Full;;2006;2013;DX20;178 G;;G
Mitsubishi;Pajero Full;;2014;2021;S522;S520 205 8 G;;G
Mitsubishi;Pajero Sport;;1999;2007;DX20;S520 S503 S520 178 G;;G
Mitsubishi;Pajero Sport;;2008;2011;DX20;S520 S503 S520 12E Dyna 178;;G
Mitsubishi;Pajero Sport;;2018;;DX23;S522 S508 S518 323 G;;G
Mitsubishi;Pajero TR4;;2002;2009;DX19;S519 S519 053 D1 G;;G
Mitsubishi;Pajero TR4;;2010;2015;DX19;S519 S519 14E Dyna G;;G
Mitsubishi;Pajero/Classic;;1991;2000;DX19;180 G;;G
Mitsubishi;Space Wagon;;1992;1998;DX23;053 D1 323 G;;G
Nissan;300 ZX;;1990;1995;055 DL3 G;;;G
Nissan;350 Z;;2002;2009;055 DL3;317 G;;G
Nissan;Frontier;;1997;2007;DX19;180 G;;G
Nissan;Frontier;;2007;2017;368 G;;;G
Nissan;Frontier;;2019;;S524;S509 S516 316 G;;G
Nissan;Kicks;;2016;;S526;S514 H626 H614 205 1 325;;G
Nissan;King Cab/Pick-Up D21;;1993;1996;DX19;180 G;;G
Nissan;Livina/Grand Livina;;2010;2014;S524;S514 205 1 G;;G
Nissan;March;;2012;2020;S521;S514 205 1 G;;G
Nissan;Maxima;;2001;2002;326 G;;;G
Nissan;Murano;;2004;2007;326 G;;;G
Nissan;Pajero Sport;;1998;2007;053;;
Nissan;Pathfinder;;2005;2009;368 G;;;G
Nissan;Primera;;1990;1995;DX21;340 G;;G
Nissan;Quest;;1992;1995;362 G;;;G
Nissan;Sentra;;1995;1997;DX21;340 G;;G
Nissan;Sentra;;2005;2006;DX23;323 G;;G
Nissan;Sentra;;2007;2013;S526;S516 326 G;;G
Nissan;Sentra;;2014;2020;S528;S515 H628 H614 G;;G
Nissan;Tiida;;2008;2013;S522;S516 206 2 314;;G
Nissan;Tiida Sedan;;2011;2013;S522;S516 314 G;;G
Nissan;Versa;;2012;2020;S521;S514 G;;G
Nissan;Versa;;2021;;S526;S514 H626 H614 G;;G
Nissan;X-Terra;;2003;2008;DX19;180 G;;G
Nissan;X-Terra;;2006;2008;053;;
Nissan;X-Trail;;2001;2009;316 G;;;G
Peugeot;106;;1991;2001;053 D1;317 G;;G
Peugeot;106;;2001;2004;317 G;;;G
Peugeot;205;;1983;1998;DX18;056 G;;G
Peugeot;206;;1998;2009;S526;S516 206/R14 1 326;;G
Peugeot;206 CC;;2001;2008;S526;S516 326 G;;G
Peugeot;206 SW;;2005;2008;S526;S516 206/R14 1 326;;G
Peugeot;207;;2008;2015;S526;S516 206/R14 1 326;;G
Peugeot;207 CC;;2008;2012;S465;S440;;SL1
Peugeot;207 Hoggar;;2010;2014;S526;S516 326 G;;G
Peugeot;207 Sedan/SW;;2008;2014;S526;S516 206/R14 1 326;;G
Peugeot;208;;2012;2018;S465;S401 S440 206 1;;Tl2
Peugeot;208;;2019;2020;S465;S401 S440;;TL7
Peugeot;208;;2021;;S460;S440 205 1;;TL1
Peugeot;306;;1993;2001;R16/053 /;X G;;G
Peugeot;307 Sedan/CC;;2006;2011;S470;S465;;TL2
Peugeot;307/SW;;2001;2005;S528;S526 R14 177+164 G;;G
Peugeot;307/SW;;2006;2012;S470;S465 206/R14 1;;TL2
Peugeot;308;;2009;2019;S475;S465 205 1;;TL1
Peugeot;405;;1990;1999;362 G;;;G
Peugeot;407/SW;;2004;2009;S470;S470;;SL1
Peugeot;408;;2011;2019;S475;S465;;TL1
Peugeot;5008;;2018;;S465;S440;;TL5
Peugeot;508;;2012;2014;S465;S465;;TL1
Peugeot;605;;1990;1999;362 G;;;G
Peugeot;718;;2019;;S453;S453;;TL5
Peugeot;911;;1997;2006;S522;S521 G;;G
Peugeot;Boxer;;1998;2018;362 G;;;G
Peugeot;Boxer;;2019;;S465;S453;;TL1
Peugeot;Expert;;2018;;S460;S450;;TL7
Peugeot;Partner;;1996;2010;362 G;;;G
Peugeot;Partner;;2023;;S460;S402 S440;;TL7
Peugeot;Pick-Up 504 GD/GDR;;1992;1999;DX16;G;;G
Porsche;911 Carrera S;;2017;;S453;S453;;TL5
Porsche;Boxter;;1996;2008;S522;S521 G;;G
Porsche;Boxter;;2011;;S453;S453;;TL5
Porsche;Cayenne;;2018;2020;S465;S453;;TL5
Porsche;Cayman;;2013;;S453;S453;;TL5
Porsche;Macan;;2014;;S460;S450;;TL5
Porsche;Panamera;;2009;2012;H624;H620 G;;G
Porsche;Panamera Turismo;;2017;;S460;S450;;TL5
Porsche;Taycan;;2021;;S460;S450;;TL5
Puma;GTB;;1976;1987;055 B;;;B
Puma;GTE/GTS/GTI/GTC;;1976;1987;DX16;130 B;;B
RAM;1500;;2021;;H622;H622 G;;G
RAM;2500;;2019;;H622;H622 G;;G
RAM;3500;;2022;;H622;H622 G;;G
RAM;Rampage;;2023;;S460;S445;;TL1
Renault;19;;1989;1997;DX20;097 D1 178 G;;G
Renault;19 Sedan;;1989;1997;DX20;178 G;;G
Renault;2008;;2014;2019;S465;S401 S440 205 1;;TL2
Renault;2008;;2020;;S465;S401 S440 204 1;;TL7
Renault;21;;1989;1994;DX20;178 G;;G
Renault;21 Nevada;;1989;1994;DX20;055 DL3 178 G;;G
Renault;3008;;2010;2017;S470;S470;;TL1
Renault;3008;;2018;;S465;S440;;TL5
Renault;Captur;;2017;2023;204 2;;
Renault;Cayman;;2005;2012;S522;S521 G;;G
Renault;Clio;;1994;1999;DX20;053 D1 178 G;;G
Renault;Clio;;1999;2005;S520;S502 S518 204 1 317;;G
Renault;Clio;;2006;2012;S520;S502 S518 205 1 317;;G
Renault;Clio;;2013;2017;S520;S502 S518 204 1 317;;G
Renault;Clio Sedan;;2000;2009;S520;S502 S518 317 G;;G
Renault;Duster;;2012;2020;DX20;S520 S503 S520 205 1 178;;G
Renault;Duster;;2021;;S453;S405 S450 12E;;TL7
Renault;Duster Oroch;;2015;;DX20;S520 S503 S520 178 G;;G
Renault;Express;;1997;2000;DX18;056 G;;G
Renault;Fluence;;2011;2014;S460;S402 S440;;TL7
Renault;Fluence;;2015;2018;S524;S509 S516 316 G;;G
Renault;Kangoo;;2000;2018;DX20;S520 S503 S520 206 2 178;;G
Renault;Logan;;2007;2013;DX20;S520 S503 S520 178 G;;G
Renault;Mégane Grand Tour;;2007;2013;204 1;;
Renault;Mégane I Hatch;;1997;2003;S522;S520 G;;G
Renault;Mégane I Sedan;;1997;2005;S522;S520 G;;G
Renault;Panamera;;2013;;S460;S450;;TL5
Renault;Partner;;2010;2022;053 S;362 G;;G
Seat;Cordoba;;1993;1999;317 G;;;G
Seat;Cordoba;;2000;2002;DX21;340 G;;G
Seat;Ibiza;;1994;1999;046 DL3;317 G;;G
Seat;Ibiza;;2000;2003;DX21;340 G;;G
Seat;Inca;;1999;2002;317 G;;;G
Seat;Kwid;;2017;;S522;204 2 G;;G
Seat;Kwid-e;;2023;;S522;204 2 G;;G
Seat;Laguna;;1994;2000;368 G;;;G
Seat;Laguna Grand Tour;;1995;2000;368 G;;;G
Seat;Logan;;2013;;S453;S405 S450;;TL7
Seat;Master;;2003;2013;196 G;;;G
Seat;Master;;2013;;164 G;;;G
Seat;Mégane E-Tech;;2023;;S465;S402 S440;;TL1
Seat;Mégane II Grand Tour;;2006;2012;368 G;;;G
Seat;Mégane II Sedan;;2006;2011;368 G;;;G
Seat;Sandero;;2008;2014;DX20;S520 S503 S520 15E Dyna 178;;G
Seat;Sandero;;2014;2016;S453;S405 S450;;TL7
Seat;Sandero;;2016;;S453;S405 S450 12E Dyna;;TL7
Seat;Scénic/Mégane Scénic;;1997;2010;S524;S509 S516 R16/053 / X 316;;G
Seat;Symbol;;2009;2013;S460;S445;;TL7
Seat;Trafic;;1994;2002;DX20;178 G;;G
Seat;Twingo;;1993;2007;164 G;;;G
Seat;Twingo;;1994;2007;205 2;;
Seres;Seres 3;;2023;;S460;S440 205 8;;TL1
Seres;Seres 5;;2023;;S460;S440;;TL1
Smart;Fortwo;;2008;2015;S460;S453;;TL2
Ssangyong;Action/Action Sports;;2006;2018;DX23;323 G;;G
Ssangyong;Actyon;;2009;2018;046 DL3;;
Ssangyong;Korando;;1997;2010;DX18;056 G;;G
Ssangyong;Korando;;2011;2018;316 G;;;G
Ssangyong;Kyron;;2009;2012;DX23;323 G;;G
Ssangyong;Musso;;1999;2005;317 G;;;G
Ssangyong;Rexton;;2002;2005;DX20;178 G;;G
Ssangyong;Rexton;;2006;2012;046 DL3;;
Subaru;Forester;;1997;2007;DX21;340 G;;G
Subaru;Forester;;2008;2009;368 G;;;G
Subaru;Forester;;2010;2018;H626;H616 206 8 G;;G
Subaru;Impreza/Wagon;;1993;2000;053 D1;317 G;;G
Subaru;Impreza/Wagon;;2001;2007;DX23;323 G;;G
Subaru;Impreza/Wagon;;2008;2012;H626;H624 G;;G
Subaru;Impreza/Wagon;;2013;;H626;H616 G;;G
Subaru;Legacy;;2003;2009;368 G;;;G
Subaru;Legacy;;2011;2015;H626;H618;;
Subaru;Legacy Wagon;;2003;2009;368 G;;;G
Subaru;Outback;;2003;2009;368 G;;;G
Subaru;Outback;;2015;;H626;H616 G;;G
Subaru;SVX;;1991;1997;055 DL3 G;;;G
Subaru;Vivio;;1993;1997;046 DL3 G;;;G
Subaru;WRX;;2008;;H624;H616 G;;G
Subaru;XV;;2012;2017;S526;S516 H626 H616 205 3 326;;G
Suzuki;Baleno;;1995;2002;317 G;;;G
Suzuki;Baleno Wagon;;1995;2002;317 G;;;G
Suzuki;Corolla;;2020;;S528;S514 H628 H614 G;;G
Suzuki;Grand Vitara;;1998;2007;DX19;180 G;;G
Suzuki;Grand Vitara;;2008;2016;317 G;;;G
Suzuki;Hilux/SW4;;1989;2004;DX16;G;;G
Suzuki;Ignis;;2000;2003;DX18;056 G;;G
Suzuki;Jimmy;;1998;;055+053 G;;;G
Suzuki;Jimmy Sierra;;2018;;130 G;;;G
Suzuki;Jimmy Sierra;;2021;;046 DL3;;
Suzuki;Jimmy Sport;;2000;2022;046 DL3;;
Suzuki;Legacy;;1994;1999;DX21;340 G;;G
Suzuki;RAV4;;1994;2000;317 G;;;G
Suzuki;S-Cross;;2015;2021;H626;H614 204 8 G;;G
Suzuki;Swift;;1993;1999;317 G;;;G
Suzuki;Swift Sport;;2014;2015;;;
Suzuki;Swift Sport;;2014;2017;314 G;;;G
Suzuki;SX4;;2008;2016;S526;S514 204 1 325;;G
Suzuki;Vitara;;2017;2022;S524;S509 S516 H624 H616 204 8 316;;G
Suzuki;Vitara/Sidekick;;1990;1998;DX16;G;;G
Suzuki;Wagon R+;;1997;1999;317 G;;;G
Tesla;Model 3;;2019;;S465;S445 325;;TL5
Tesla;Model Y;;2020;;S465;S445 316;;TL5
Toyota;Bandeirante;;1983;2001;105 B;;;B
Toyota;Camry;;1991;2000;DX21;340 G;;G
Toyota;Camry;;2001;2006;368 G;;;G
Toyota;Camry;;2006;2017;S524;S520 G;;G
Toyota;Camry;;2018;;S526;S520 H626 H620 G;;G
Toyota;Camry Wagon;;1992;1993;DX21;046 DL3 340 G;;G
Toyota;Corolla;;1992;2001;317 G;;;G
Toyota;Corolla;;2002;2008;S524;S518 368 G;;G
Toyota;Corolla;;2008;2013;S526;S516 H626 H616 326;;G
Toyota;Corolla;;2014;2019;S526;S514 H626 H614 G;;G
Toyota;Corolla Cross;;2021;;S526;S516 H626 H616 205 3 G;;G
Toyota;Corolla Fielder;;2004;2008;S524;S518 206 7 368;;G
Toyota;Corolla Wagon;;1992;1996;053 D1;317 G;;G
Toyota;Corolla Wagon;;1997;2001;317 G;;;G
Toyota;Corona;;1992;2000;317 G;;;G
Toyota;Etios/Sedan;;2012;2021;S526;164 G;;G
Toyota;Hilux SW4;;2017;;204 7;;
Toyota;Hilux/SW4;;2005;2015;DX21;S521 S504 S519 340 G;;G
Toyota;Hilux/SW4;;2016;;S521;S516 H622 H616 G;;G
Toyota;Land Cruiser Prado;;2003;2009;055 DL3 G;;;G
Toyota;Paseo;;1996;1999;317 G;;;G
Toyota;Prado;;2002;2009;053;;
Toyota;Prius;;2013;2015;046 DL3;;
Toyota;Prius;;2013;2015;S526;S516 H626 H616 326;;G
Toyota;RAV;;2014;;S524;S516 H624 H616 204 7 316;;G
Toyota;RAV4 II;;2000;2005;368 G;;;G
Toyota;RAV4 III;;2006;2012;316 G;;;G
Toyota;Yaris/Sedan;;2018;;S524;S514 206 7 G;;G
Troller;T4;;2004;2013;046 G;;;G
Volkswagen;Amarok;;2010;2012;324 G;;;G
Volkswagen;Amarok;;2013;;S460;S460;;TL5
Volkswagen;Apollo;;1990;1992;055 G;;;G
Volkswagen;Bora;;1998;2011;DX21;340 G;;G
Volkswagen;Brasilia;;1973;1982;055 B;;;B
Volkswagen;Brasilia;;1975;1977;DX18;056 G;;G
Volkswagen;Caravelle/Eurovan;;1998;2003;053 D1 G;;;G
Volkswagen;CrossFox;;2004;2009;S522;S506 S515 12E Dyna 315;;G
Volkswagen;CrossFox;;2010;2012;S522;S506 S515 10E Dyna 315;;G
Volkswagen;CrossFox;;2012;2017;SD8;10E Dyna;;TL3
Volkswagen;Eos;;2008;2011;S460;S445;;TL1
Volkswagen;Fox;;2003;2009;S522;S506 S515 12E Dyna 315;;G
Volkswagen;Fox;;2010;2012;S522;S506 S515 10E Dyna 315;;G
Volkswagen;Fox;;2012;2022;SD8;10E Dyna;;TL3
Volkswagen;Fusca;;1976;1986;105 B;;;B
Volkswagen;Fusca;;1976;1986;105 G;;;G
Volkswagen;Fusca;;1993;1996;105 B;;;B
Volkswagen;Fusca;;2013;2017;S453;S453;;TL5
Volkswagen;Gol;;1980;1996;DX16;055 DL3 130 B;;B
Volkswagen;Gol;;1995;1999;DX20;053 D1 178 G;;G
Volkswagen;Gol;;1998;2001;DX20;S520 S503 S520 053 D1 178;;G
Volkswagen;Gol;;1999;2005;DX21;S521 S504 S519 16E Dyna 340;;G
Volkswagen;Gol;;2001;2005;DX21;S521 S504 S519 053 D1 340;;G
Volkswagen;Gol;;2005;2008;DX21;S521 S504 S519 14E Dyna 340;;G
Volkswagen;Gol;;2008;2012;S522;S506 S516 10E Dyna 314;;G
Volkswagen;Gol;;2009;2013;DX21;S521 S504 S519 14E Dyna 340;;G
Volkswagen;Gol;;2013;2022;SD7;10E Dyna;;TL3
Volkswagen;Gol;;2015;2022;S522;S506 S516 10E Dyna 314;;G
Volkswagen;Golf;;1993;1998;DX21;046 DL3 340 G;;G
Volkswagen;Golf;;1999;2006;DX21;S521 S504 S519 046 DL3 340;;G
Volkswagen;Golf;;2007;2008;DX21;S521 S504 S519 12E Dyna 340;;G
Volkswagen;Golf;;2008;2014;S453;S445 12E Dyna;;SL1
Volkswagen;Golf;;2014;2018;S465;S445;;TL5
Volkswagen;Golf Variant;;2015;2018;S465;S445 205 G;;TL5
Volkswagen;Jetta;;2007;2010;S460;S445;;TL1
Volkswagen;Jetta;;2011;2018;S460;S445;;TL5
Volkswagen;Jetta;;2018;;S460;S450;;TL5
Volkswagen;Jetta Variant;;2008;2014;S460;S445;;TL1
Volkswagen;Kombi/Furgão;;2012;2013;DX16;G;;G
Volkswagen;Kombi/Furgão/Pick-Up;;1975;2012;DX16;130 B;;B
Volkswagen;Logus;;1993;1997;097 G;;;G
Volkswagen;New Beetle;;2000;2010;S521;S521 178 G;;G
Volkswagen;Nivus;;2021;;S465;SD10 S445;;TL3
Volkswagen;Parati;;1982;1996;DX16;055 DL3 130 B;;B
Volkswagen;Parati;;1996;1999;DX20;S520 S503 S520 046 DL3 178;;G
Volkswagen;Parati;;1999;2002;DX21;S521 S504 S519 12E Dyna 340;;G
Volkswagen;Parati;;2003;2005;DX21;S521 S504 S519 14E Dyna 340;;G
Volkswagen;Parati;;2005;2008;DX21;S521 S504 S519 14E Dyna 340;;G
Volkswagen;Parati;;2009;2012;DX21;S521 S504 S519 14E Dyna 340;;G
Volkswagen;Passat;;1993;2001;DX20;178 G;;G
Volkswagen;Passat;;2001;2002;DX20;178 G;;G
Volkswagen;Passat;;2005;2011;S460;S445;;TL1
Volkswagen;Passat;;2012;2014;S460;S445;;TL5
Volkswagen;Passat;;2015;2019;S465;S445;;TL5
Volkswagen;Passat CC;;2008;2011;S460;S445;;TL1
Volkswagen;Passat CC;;2012;2017;S460;S445;;TL5
Volkswagen;Passat Variant;;1993;1997;053 D1 G;;;G
Volkswagen;Passat Variant;;1998;2002;DX20;178 G;;G
Volkswagen;Passat Variant;;2005;2011;S460;S445;;TL1
Volkswagen;Passat Variant;;2012;2014;S460;S445;;TL5
Volkswagen;Passat Variant;;2015;2019;S465;S445;;TL5
Volkswagen;Passat braço tipo baioneta;;1974;1989;DX16;130 B;;B
Volkswagen;Passat braço tipo gancho;;1974;1977;DX16;G;;G
Volkswagen;Pointer;;1994;1996;097 C;097 G;;G
Volkswagen;Polo;;2002;2008;DX21;S521 S504 S519 046 DL3 340;;G
Volkswagen;Polo;;2008;2010;DX21;S521 S504 S519 12E Dyna 340;;G
Volkswagen;Polo;;2009;2015;S453;S445 12E Dyna;;TL1
Volkswagen;Polo;;2010;2015;S453;S445 12E Dyna;;TL1
Volkswagen;Polo;;2017;;S465;SD10 S445 12E Dyna;;TL3
Volkswagen;Polo Classic;;1997;2000;317 G;;;G
Volkswagen;Polo Classic;;2001;2002;DX21;340 G;;G
Volkswagen;Polo Sedan;;2002;2009;DX21;S521 S504 S519 340 G;;G
Volkswagen;Polo Sedan;;2010;2015;S453;S445;;TL1
Volkswagen;Quantum;;1985;1991;DX18;056 G;;G
Volkswagen;Quantum;;1992;1997;DX18;056 G;;G
Volkswagen;Quantum;;1998;1999;046 DL3;;
Volkswagen;Quantum;;1998;2002;DX20;178 G;;G
Volkswagen;Santana;;1984;1997;DX18;056 G;;G
Volkswagen;Santana;;1998;2006;DX20;178 G;;G
Volkswagen;Saveiro;;1982;1997;DX16;130 B;;B
Volkswagen;Saveiro;;1997;1999;DX20;S520 S503 S520 178 G;;G
Volkswagen;Saveiro;;2000;2008;DX21;S521 S504 S519 340 G;;G
Volkswagen;Saveiro;;2009;2010;DX21;S521 S504 S519 340 G;;G
Volkswagen;Saveiro;;2010;2012;S522;S506 S516 314 G;;G
Volkswagen;Saveiro;;2013;2013;SD7;;;TL3
Volkswagen;Saveiro;;2013;;SD7;;;TL3
Volkswagen;Saveiro;;2015;;S522;S506 S516 314 G;;G
Volkswagen;SpaceFox/Space Cross;;2006;2012;S522;S506 S515 14E Dyna 315;;G
Volkswagen;SpaceFox/Space Cross;;2012;2012;S522;S506 S515 14E Dyna 315;;G
Volkswagen;SpaceFox/Space Cross;;2019;;SD8;14E Dyna;;TL3
Volkswagen;T-Cross;;2019;;SD11;10E Dyna;;TL3
Volkswagen;Taos;;2021;;S465;SD10 S445;;TL3
Volkswagen;Tera;;2025;;SD10;10E Dyna;;TL3
Volkswagen;Tiguan;;2009;2017;S460;S453;;TL1
Volkswagen;Tiguan All Space;;2018;;S460;S453;;TL5
Volkswagen;Touareg;;2004;2017;S465;S465;;SL1
Volkswagen;Up!;;2014;2021;SD9;;;TL3
Volkswagen;Van;;1997;2002;317 G;;;G
Volkswagen;Variant II;;1977;1983;046 DL3;055 B;;B
Volkswagen;Virtus;;2018;;S465;SD10 S445;;TL3
Volkswagen;Voyage;;1981;1995;DX16;130 B;;B
Volkswagen;Voyage;;2008;2012;S522;S506 S516 314 G;;G
Volkswagen;Voyage;;2013;;SD7;;;TL3
Volkswagen;Voyage;;2015;;S522;S506 S516 314 G;;G
Volvo;460;;1990;1996;DX20;178 G;;G
Volvo;850;;1991;1996;DX20;178 G;;G
Volvo;850 Sportwagon;;1991;1996;DX20;053 D1 178 G;;G
Volvo;960;;1990;1996;DX20;178 G;;G
Volvo;C30;;2006;2013;S465;S450;;TL1
Volvo;C70;;1997;2002;DX20;178 G;;G
Volvo;S40;;1996;2003;DX21;340 G;;G
Volvo;S60;;2004;2010;S460;S453;;TL2
Volvo;S60;;2010;2019;S465;S450;;TL1
Volvo;S70;;1997;2000;DX20;178 G;;G
Volvo;S80;;2003;2006;S460;S453;;TL2
Volvo;V40;;1996;2004;DX21;053 D1 340 G;;G
Volvo;V40;;2014;;S465;S445;;TL1
Volvo;V50;;2005;2011;S465;S450;;TL1
Volvo;V60;;2014;2017;205 1;;
Volvo;V70;;1997;2000;DX20;053 D1 178 G;;G
Volvo;V70 II;;2004;2007;S460;S453;;TL2
Volvo;XC60;;2009;2010;S465;S450;;TL1
Volvo;XC60;;2011;2017;S465;S450 206 1;;TL1
Volvo;XC70/XC90;;2005;2007;S460;S453;;TL2
Volvo;XC90;;2008;2015;S460;S453;;TL1
Volvo;XC90;;2016;;S460;S450;;TL5